{
  "last_telegram_summary": 1775793735.6984406,
  "last_eod_date": "",
  "last_offline_alert": 1774941875.0399406,
  "cold_starts_today": 2,
  "cold_starts_date": "2026-04-10",
  "last_known_log_size": 626185
}